Date,Close/Last,Open,High,Low
9/13/2022,1601.16,1715.24,1609.03,1556.97
9/12/2022,1712.4,1726.96,1717.82,1676.74
9/11/2022,1723.91,1761.33,1782.74,1719.11
9/10/2022,1760.91,1734.39,1779.09,1757.28
9/9/2022,1735.85,1672.6,1741.78,1707.81
9/8/2022,1668.2,1629.01,1672.14,1631.17
9/7/2022,1629.33,1510.29,1636.37,1614.31
9/6/2022,1509.15,1639.68,1567.15,1493.19
9/5/2022,1637.8,1575.48,1673.84,1615.53
9/4/2022,1577.51,1551.93,1589.17,1569.03
9/3/2022,1551.26,1561.48,1560.91,1548.54
9/2/2022,1561.46,1596.7,1581.37,1555.83
9/1/2022,1599.66,1549.23,1604.36,1568.94
8/31/2022,1547.66,1606.85,1573.3,1536.05
8/30/2022,1605.19,1543.88,1613.31,1523.39
8/29/2022,1543.5,1456.23,1552.56,1524.33
8/28/2022,1453.53,1492.06,1461.31,1424.33
8/27/2022,1492.35,1501.35,1507.92,1477.54
8/26/2022,1504.47,1687.81,1518.14,1485.68
8/25/2022,1673.5,1623.12,1684.32,1654.77
8/24/2022,1669.52,1613.95,1684.32,1654.77
8/23/2022,1610.66,1608.52,1665.76,1606.06
8/22/2022,1620.03,1596.1,1636.32,1615.55
8/21/2022,1617.55,1632.95,1628.02,1563.92
8/20/2022,1584.03,1627.91,1603.26,1573.54
8/19/2022,1625.17,1818.97,1639.17,1609.01
8/18/2022,1820,1852.17,1846.97,1806.55
8/17/2022,1848.96,1893.7,1864.59,1822.04
8/16/2022,1896.05,1890.73,1904.36,1875.15
8/15/2022,1886.17,2001.19,1914.06,1862.99
8/14/2022,1982.84,1987.79,2012.02,1925.64
8/13/2022,1987.71,1978.59,1992.41,1972.4
8/12/2022,1983.96,1903.46,1985.94,1946.65
8/11/2022,1900.39,1879.14,1913.27,1858.57
8/10/2022,1882.78,1669.14,1917.52,1850.72
8/9/2022,1671.64,1778.59,1702.8,1657.78
8/8/2022,1776.89,1710.17,1785.35,1762.01
8/7/2022,1712.04,1683.93,1718.76,1694.69
8/6/2022,1684.57,1739.43,1697.65,1669.39
8/5/2022,1735.85,1659.86,1749.33,1727.94
8/4/2022,1659.71,1649.28,1668,1605.71
8/3/2022,1649.3,1617.6,1658.33,1616.53
8/2/2022,1619.2,1577.38,1638.44,1591.6
8/1/2022,1580.27,1690.67,1655.07,1569.73
7/31/2022,1690.19,1693.48,1702.81,1674.89
7/30/2022,1689.39,1706.63,1710.72,1687.45
7/29/2022,1707.09,1727.76,1734.13,1687.5
7/28/2022,1727.26,1648.82,1731.91,1696.97
7/27/2022,1646.36,1424.75,1673.3,1606.14
7/26/2022,1424.4,1432.66,1458.13,1421.17
7/25/2022,1431.55,1509.74,1446.06,1404
7/24/2022,1504.3,1551.83,1608.06,1504.3
7/23/2022,1552.67,1571.32,1574.88,1548.7
7/22/2022,1577.32,1561.55,1578.68,1525.86
7/21/2022,1560.67,1487.18,1594.71,1556.48
7/20/2022,1492.42,1562.2,1551.73,1485.06
7/19/2022,1559.82,1517.54,1567.62,1511.58
7/18/2022,1514.7,1408.4,1620.35,1514.57
7/17/2022,1404.82,1353.83,1419.48,1336.75
7/16/2022,1353.19,1222.69,1385.23,1330.25
7/15/2022,1223.55,1199.97,1234.85,1210.06
7/14/2022,1195.85,1112.61,1221.16,1182.22
7/13/2022,1113.32,1052.19,1125.71,1109.25
7/12/2022,1051.75,1086.27,1058.94,1036.31
7/11/2022,1084.98,1154.64,1097.75,1081.68
7/10/2022,1153.22,1188.43,1170.63,1146.09
7/9/2022,1189.6,1216.88,1219.26,1185.36
7/8/2022,1216.51,1258.67,1221.04,1205.26
7/7/2022,1258.38,1175.89,1275.69,1231.55
7/6/2022,1175.49,1130.41,1189.15,1167.65
7/5/2022,1129.69,1152.87,1153.37,1112.02
7/3/2022,1062.17,1045.69,1083.98,1041.82
7/2/2022,1063.18,1038.14,1070.87,1055.49
7/1/2022,1038.52,1056.78,1068.14,1035.08
6/30/2022,1065.1,1094.02,1110.25,1050.95
6/29/2022,1092.25,1145.24,1105.88,1078.39
6/28/2022,1142.24,1182.7,1155.02,1135.44
6/27/2022,1181.39,1220.12,1199.09,1165.84
6/26/2022,1217.58,1232.99,1225.62,1196.36
6/25/2022,1233.08,1223.46,1245.48,1227.85
6/24/2022,1225.49,1150.49,1226.74,1205.25
6/23/2022,1150.01,1076.58,1165.83,1141.59
6/22/2022,1079.04,1089.32,1096.68,1046.57
6/21/2022,1088.17,1131.06,1127.06,1087.49
6/20/2022,1130.16,1080.51,1140.45,1110.63
6/19/2022,1083.15,952.67,1131.17,1056.58
6/18/2022,964.16,1079.08,1009.19,941.71
6/17/2022,1079.28,1071.67,1096.93,1072.1
6/16/2022,1074.06,1209.77,1116.46,1052.17
6/15/2022,1210.91,1171.24,1254.28,1203.57
6/14/2022,1183.35,1172.67,1226.97,1178.93
6/13/2022,1165.07,1349.9,1224.2,1078.11
6/12/2022,1357.81,1450.2,1454.07,1308.26
6/11/2022,1472.91,1673.42,1541.84,1449.79
6/10/2022,1670.18,1786.72,1681.58,1659.58
6/9/2022,1796.4,1794.1,1803.54,1753.65
6/8/2022,1799.12,1824.47,1800.04,1778
6/7/2022,1786.36,1740.08,1834.87,1766.94
6/6/2022,1754.73,1867.66,1861.08,1727.77
6/5/2022,1876.28,1792.35,1880.03,1804.77
6/4/2022,1791.8,1754.76,1810.69,1784.85
6/3/2022,1755.14,1831.4,1779.7,1748.89
6/2/2022,1828.92,1831.03,1843.31,1824.4
6/1/2022,1811.09,1929.85,1835.53,1806.57
5/31/2022,1928.79,1994.5,1958.42,1927.74
5/30/2022,1894.38,1795.87,1915.12,1804.33
5/29/2022,1877.77,1777.4,1887.24,1804.33
5/28/2022,1774.55,1764.41,1795.5,1764.72
5/27/2022,1758.05,1768.29,1762.42,1722.88
5/26/2022,1769.78,1948.88,1807.02,1734.05
5/25/2022,1943.28,2013.72,1964.91,1934.2
5/24/2022,2015.14,1987.94,2020.64,1971.07
5/23/2022,1987.38,2030.76,1989.71,1970.5
5/22/2022,2029.26,1974.11,2054.54,2021.53
5/21/2022,1973.09,1967.87,1983.65,1972.08
5/20/2022,1959.03,2023.39,1973.66,1940.59
5/19/2022,2023.89,1953.19,2051.8,2005.27
5/18/2022,1956.19,2040.76,1963.44,1903.67
5/17/2022,2040.11,2073.76,2108.84,2037.92
5/16/2022,2073.47,2075.81,2078.66,2019.5
5/15/2022,2072.98,2014.59,2145.86,2068.43
5/14/2022,2014.44,2055.63,2078.17,2001.74
5/13/2022,2049.91,2095.46,2068.66,2002.8
5/12/2022,2103.28,1977.79,2106.12,1941.53
5/11/2022,2016.31,2360.72,2190.51,2007.86
5/10/2022,2365.41,2304.23,2391.32,2321.95
5/9/2022,2308.76,2457.64,2345.54,2202.02
5/8/2022,2462.2,2545.43,2529.35,2426.37
5/7/2022,2539.65,2668.87,2641.84,2525.91
5/6/2022,2676.07,2744.75,2697.46,2665.77
5/5/2022,2743.74,2941.7,2757.14,2726.46
5/4/2022,2941.1,2798.23,2952.84,2937.74
5/3/2022,2798.03,2847.97,2807.55,2773.9
5/2/2022,2847.02,2841.13,2861.42,2830.76
5/1/2022,2844.57,2777.2,2848.03,2823.28
4/30/2022,2771.99,2818.39,2780.31,2720.57
4/29/2022,2819.01,2924.1,2837.78,2810.84
4/28/2022,2924.36,2883.8,2946.18,2904.78
4/27/2022,2884.69,2835.18,2915.51,2873.17
4/26/2022,2837.63,3000.63,2843.99,2795.58
4/25/2022,2999.91,2876.46,3032.7,2986.67
4/24/2022,2875.42,2956.45,2924.16,2845.43
4/23/2022,2956.36,2947.31,2959.1,2924.09
4/22/2022,2945.05,2994.21,2973.6,2943.04
4/21/2022,3000.35,3096.91,3007.87,2971.06
4/20/2022,3093.23,3091.63,3104.83,3072.01
4/19/2022,3086.9,3038.3,3105.91,3067.12
4/18/2022,3038.72,2995.17,3089.49,3036.86
4/17/2022,3044.94,3039.47,3064.5,3022.75
4/16/2022,3033.53,3037.11,3064.5,3022.75
4/15/2022,3039.72,3041.64,3048.73,3034.91
4/14/2022,3036.55,3118.51,3041.93,3013.48
4/13/2022,3115.75,3049.78,3143.18,3111.35
4/12/2022,3051.68,2981.78,3066.74,3006.75
4/11/2022,2979.27,3174.33,2994.8,2951.8
4/10/2022,3172.21,3258.32,3213.52,3154.22
4/9/2022,3257.31,3209.67,3267.51,3246.37
4/8/2022,3214.06,3267.1,3222.46,3182.1
4/7/2022,3260.83,3188.54,3275.27,3216.58
4/6/2022,3186.43,3338.72,3206.46,3143.96
4/5/2022,3342.88,3523.91,3406.83,3275
4/4/2022,3521.97,3490.54,3534.97,3501.23
4/3/2022,3497.41,3455.9,3521.16,3473.6
4/2/2022,3475.01,3469.54,3529.63,3436.79
4/1/2022,3469.32,3250.19,3521.34,3440.56
3/31/2022,3243.43,3396.81,3306.9,3215.33
3/30/2022,3399,3384.49,3423.81,3378.83
3/29/2022,3384.11,3368.06,3401.86,3333.5
3/28/2022,3368.15,3311.74,3399.22,3329.67
3/27/2022,3308.9,3143.9,3321.44,3275.32
3/26/2022,3139.4,3108.96,3165.76,3137.62
3/25/2022,3109.07,3132.8,3116.82,3085.8
3/24/2022,3129.62,3016.91,3140.58,3094.22
3/23/2022,3024.87,2948.22,3078.7,3006.1
3/22/2022,2957.69,3006.49,2991.68,2927.95
3/21/2022,3012.49,2843.85,3024.15,2887.69
3/20/2022,2846.42,2932.97,2875.65,2830.38
3/19/2022,2935.87,2948.78,2962.19,2907.81
3/18/2022,2934.49,2778.73,2979.37,2931.8
3/17/2022,2777.09,2775.24,2813.44,2768.65
3/16/2022,2765.71,2690.33,2782.99,2754
3/15/2022,2620.33,2562.01,2731,2603.8
3/14/2022,2540.4,2525.12,2598.48,2539.36
3/13/2022,2530.15,2591.04,2542.32,2500.12
3/12/2022,2589.99,2583.86,2600.65,2562.5
3/11/2022,2589.51,2551.41,2596.72,2555.85
3/10/2022,2538.18,2658.72,2609.86,2525.2
3/9/2022,2605.06,2718.99,2731.37,2593.93
3/8/2022,2714.62,2541.66,2727.33,2569.13
3/7/2022,2538.86,2525.67,2567.32,2483.29
3/6/2022,2529.19,2645.68,2557.09,2509
3/3/2022,2833.49,2947.14,2967.89,2789.87
3/2/2022,2893.74,2997.14,2967.89,2888.09
3/1/2022,3007.96,2925.32,3041.84,2914.7
2/28/2022,2918.05,2612.25,2969.62,2892.95
2/27/2022,2613.14,2706.14,2676.3,2590.34
2/26/2022,2713.75,2807.7,2790.19,2681.99
2/25/2022,2819.57,2615.98,2856.01,2767.58
2/24/2022,2619.36,2402.67,2646.92,2583.02
2/23/2022,2396.84,2652.93,2592.01,2360.91
2/22/2022,2644.12,2511.26,2657.86,2602.98
2/21/2022,2529.98,2744.16,2619.03,2510.79
2/20/2022,2740.94,2682.65,2740.94,2608.18
2/19/2022,2689.1,2814.85,2764.46,2683.91
2/18/2022,2809.14,2879.03,2829.2,2767.01
2/17/2022,2892.8,3065.23,2918.82,2864.53
2/16/2022,3070.62,3122.86,3159.83,3057.02
2/15/2022,3121.66,3015.34,3184.07,3106.15
2/14/2022,3014.47,2866.59,3036.79,2912.61
2/13/2022,2859.28,2917.16,2891.38,2834.13
2/12/2022,2913.1,2936.46,2944.78,2899.13
2/11/2022,2932.54,3070.07,2959.2,2912.69
2/10/2022,3064.85,3169.37,3094.79,3002.35
2/9/2022,3160.31,3079.83,3247.1,3160.1
2/8/2022,3092.43,3162.12,3129.98,3063.7
2/7/2022,3153.36,3085.97,3159.13,3114.03
2/6/2022,3079.87,3017.08,3084.93,2995.59
2/5/2022,3015.9,3013.39,3033.46,2990.19
2/4/2022,3013.5,2683.5,3034.1,2963.11
2/3/2022,2684.81,2663.67,2697.52,2671.72
2/2/2022,2665.68,2761.79,2723.97,2652.16
2/1/2022,2758.18,2742.74,2800.27,2743.7
1/31/2022,2739.64,2498.86,2765.13,2676.32
1/30/2022,2500.93,2590.44,2607.47,2478.85
1/29/2022,2581.71,2538.9,2614.38,2564.53
1/28/2022,2542.32,2441.21,2583.1,2520.14
1/27/2022,2433.18,2394.2,2460.28,2366.98
1/26/2022,2393.86,2498.26,2492.93,2356.46
1/25/2022,2419.78,2239.26,2450.68,2352.36
1/24/2022,2382.8,2438.39,2441.29,2379.36
1/23/2022,2432.03,2432.74,2540.81,2431.77
1/22/2022,2432.4,2555.67,2458,2387.85
1/21/2022,2565.3,2861.36,2621.21,2544.84
1/20/2022,2866.5,3123.9,3032.69,2812.19
1/19/2022,3126.88,3101.39,3135.26,3084.48
1/18/2022,3103.21,3175.44,3173.63,3093.25
1/17/2022,3175.27,3254.01,3242.47,3166.44
1/16/2022,3270.61,3317.48,3356.45,3253.2
1/15/2022,3320.9,3305.28,3336.52,3297.89
1/14/2022,3304.08,3272.63,3325.5,3293.94
1/13/2022,3276.9,3336.15,3281.56,3225.59
1/12/2022,3337.49,3227.3,3381.64,3316.03
1/11/2022,3224.57,3119.65,3259.32,3219.98
1/10/2022,3112.72,3176.73,3126.88,3053.4
1/9/2022,3194.42,3080.68,3210.34,3060.47
1/8/2022,3132.94,3219.66,3145.28,3060.47
1/7/2022,3224.46,3217.36,3241.77,3184.12
1/6/2022,3205.8,3455.03,3413.26,3149.18
1/5/2022,3443.32,3809.05,3550.19,3407.77
1/4/2022,3812.97,3730.89,3824.94,3769.97
1/3/2022,3732.99,3785.36,3773.73,3715.24
1/2/2022,3792.07,3758.95,3830.7,3777.56
1/1/2022,3734.09,3724.22,3770.77,3734.09
12/31/2021,3718.22,3744.28,3747.16,3677.69
12/30/2021,3747.89,3649.76,3760.57,3686.07
12/29/2021,3666.66,3816.18,3681.76,3589.64
12/28/2021,3806.74,3959.24,3825.97,3788
12/27/2021,3916.49,4080.15,4036.86,3880.67
12/26/2021,4067.46,4022.11,4087.2,4049.39
12/25/2021,4020.84,4037.01,4102.19,4005.38
12/24/2021,4043.18,4090.39,4074.62,4024.87
12/23/2021,4095.4,3948.75,4128.07,4075.84
12/22/2021,3961.21,4054.15,4002.8,3911.81
12/21/2021,4052.6,4035.6,4072.4,3993.22
12/20/2021,4031.11,3927.11,4049.9,3915.56
12/19/2021,3926.78,3977.95,4025.37,3897.29
12/18/2021,4022.64,3882.9,4025.37,3897.29
12/17/2021,3888.19,3977.85,3900.12,3769.91
12/16/2021,3983.43,4009.43,3993.87,3943.37
12/15/2021,4011.95,3856.6,4058.17,3996.76
12/14/2021,3855.21,3771.97,3891.33,3807.92
12/13/2021,3773.3,4016.74,3831.45,3752.38
12/12/2021,4012.84,4011.48,4141.27,3960.12
12/11/2021,4016.89,4033.76,4094.34,4013.77
12/10/2021,4033.19,4127.31,4039.67,3836.92
12/9/2021,4133.21,4389.27,4196.6,4101.57
12/8/2021,4383.12,4317.86,4482.89,4353.68
12/7/2021,4314.5,4344.68,4343.44,4282.29
12/6/2021,4339.98,4166.13,4384.01,4309.88
12/5/2021,4168.07,4155.88,4201.41,4103.35
12/4/2021,4042.39,4475.74,4237.56,3533.02
12/3/2021,4045.83,4532.9,4237.56,4045.83
12/2/2021,4533.23,4510.47,4546.93,4471.59
12/1/2021,4507.02,4730.3,4617.78,4454.79
11/30/2021,4729.27,4443.47,4763.96,4604.87
11/29/2021,4444.57,4323.95,4500.07,4403.69
11/28/2021,4342.37,4021.35,4370.62,4284.28
11/27/2021,4017.06,4133.84,4096.24,3980.24
11/26/2021,4142.36,4420.22,4146.99,4029.06
11/25/2021,4416.37,4288.21,4548.1,4404.72
11/24/2021,4290.11,4269.17,4334.41,4248.9
11/23/2021,4265.98,4168.77,4372.83,4233.03
11/22/2021,4179.59,4153.63,4190.35,4064.72
11/21/2021,4174.26,4331.12,4268.07,4152.46
11/20/2021,4334.44,4292.24,4415.56,4331.9
11/19/2021,4278.03,4052.89,4332.17,4264.99
11/18/2021,4041.9,4255.48,4101.88,3978.08
11/17/2021,4271.87,4135.54,4342.74,4257.28
11/16/2021,4101.79,4347.29,4240.09,4071.01
11/15/2021,4352.61,4704.61,4562.97,4264.83
11/14/2021,4701.79,4633.32,4721.81,4625.71
11/13/2021,4637.12,4620.4,4692.76,4622.34
11/12/2021,4628.83,4779.2,4705.02,4615.94
11/11/2021,4780.75,4635.04,4807.16,4692.86
11/10/2021,4632.16,4713.26,4645.96,4578.66
11/9/2021,4714.79,4805.34,4754.23,4679.45
11/8/2021,4796.78,4719.19,4813.62,4778.9
11/7/2021,4716.81,4550.24,4735.44,4612.05
11/6/2021,4547.8,4481.31,4570.01,4502.7
11/5/2021,4486.79,4506.13,4507,4456.23
11/4/2021,4540.75,4562.61,4554.23,4470.1
11/3/2021,4552.3,4599.1,4604.84,4541.84
11/2/2021,4575.86,4306.76,4639.6,4556.01
11/1/2021,4314.85,4237.23,4346.39,4287.36
10/31/2021,4198.74,4367.55,4323.55,4197.15
10/30/2021,4367.71,4339.87,4393.61,4321.04
10/29/2021,4343.43,4379.62,4428.41,4332.18
10/28/2021,4364.58,3994.05,4401.4,4268.21
10/27/2021,3994.83,4210.01,4017.95,3896.33
10/26/2021,4211.74,4224.63,4224.08,4118.82
10/25/2021,4221.87,4135.1,4256.59,4204.64
10/24/2021,4138.39,4132.4,4142.42,4069.94
10/23/2021,4140.25,4022.62,4184,4116.97
10/22/2021,4029.33,4153.04,4035.47,3947.89
10/21/2021,4149.79,4184.46,4160.44,4053.89
10/20/2021,4178.42,3844.39,4239.61,4138.42
10/19/2021,3847.36,3823.44,3899.9,3843.41
10/18/2021,3820.01,3853.34,3829.62,3733.78
10/17/2021,3845.27,3879.27,3892.01,3834.18
10/16/2021,3878.53,3841.45,3888.33,3807.52
10/15/2021,3838.15,3820.26,3872,3823.55
10/14/2021,3823.41,3644.12,3838.92,3735.21
10/13/2021,3634.98,3501.01,3654.36,3588.24
10/12/2021,3504.78,3482.14,3530.76,3482.99
10/11/2021,3486.56,3518.25,3541.49,3448.79
10/10/2021,3504.81,3530.96,3513.25,3381.43
10/9/2021,3534.99,3581.15,3585.01,3489.52
10/8/2021,3583.71,3574.74,3588.6,3541.4
10/7/2021,3568.28,3519.74,3617.2,3553.12
10/6/2021,3528.87,3488.36,3575.43,3473.47
10/5/2021,3490.22,3388.16,3537.09,3474.41
10/4/2021,3385,3336.43,3417.42,3365.28
10/3/2021,3336.75,3402.49,3425.36,3330.58
10/2/2021,3384.23,3291.54,3424.57,3346.63
10/1/2021,3291.54,3023.66,3318.59,3275.76
9/30/2021,2975.1,3026.78,3038.62,2975.1
9/29/2021,3016.7,2893.27,3018.04,2837.68
9/28/2021,2882.84,2947.16,2882.9,2791.79
9/27/2021,3100.37,2820.58,3163.86,3028.61
9/26/2021,3112.18,2865.22,3163.86,3028.61
9/25/2021,2864.28,2913.12,2931.22,2844.18
9/24/2021,2913.53,3075.29,2955.55,2877.27
9/23/2021,3092.07,3117.77,3158.38,3085.1
9/22/2021,3100.94,2869.13,3115.73,3035.96
9/21/2021,2877.71,2999.06,2892.02,2740.58
9/20/2021,3003.49,3192.78,3029.29,2817.51
9/19/2021,3195.13,3412.51,3344.04,3169.05
9/18/2021,3421.26,3451.21,3439.11,3378.86
9/17/2021,3414.66,3586.93,3423.7,3371.33
9/16/2021,3563.49,3543.74,3592.2,3530.59
9/15/2021,3541.12,3400.96,3617.65,3529.31
9/14/2021,3401.87,3293.4,3446.07,3388.95
9/13/2021,3313.62,3271.87,3336.43,3270.91
9/12/2021,3293.51,3323.12,3429.24,3277.53
9/11/2021,3321.37,3236.68,3323.46,3231.87
9/10/2021,3229.21,3465.67,3296.07,3202.41
9/9/2021,3455.26,3471.94,3512.9,3414.16
9/8/2021,3458.75,3429.4,3519.74,3437.66
9/7/2021,3438.57,3913.94,3539.43,3382.59
9/6/2021,3914.16,3904.17,3945.79,3888.96
9/5/2021,3915.07,3933.7,3915.19,3834.74
9/4/2021,3848.31,3917.73,3913.17,3846.37
9/3/2021,3927.73,3806.8,3968.33,3906.11
9/2/2021,3806.62,3765.38,3813.54,3715.97
9/1/2021,3755.01,3441.27,3833.89,3737.6
8/31/2021,3432.28,3237.78,3445,3384.82
8/30/2021,3239.93,3161.72,3248.36,3191.34
8/29/2021,3159.02,3180.1,3229.22,3145.53
8/28/2021,3178.72,3244.9,3282.21,3162.8
8/27/2021,3244.45,3093.6,3284.58,3240.6
8/26/2021,3089.61,3098.74,3249.62,3067.03
8/25/2021,3147.62,3175.85,3249.62,3141.64
8/24/2021,3174.84,3324.16,3215.4,3168.77
8/23/2021,3324.24,3339.98,3349.32,3283.8
8/22/2021,3338.45,3226.66,3347.77,3231.96
8/21/2021,3223.84,3276.93,3256.9,3217.65
8/20/2021,3279.02,3217.77,3287.68,3236.82
8/19/2021,3215.36,2970.04,3242.92,3179.18
8/18/2021,2979.4,3041.04,3049.51,2970.75
8/17/2021,3034.38,3192.7,3044.08,2951.04
8/16/2021,3194.06,3261.32,3207.66,3116.21
8/15/2021,3270.12,3247.66,3334.22,3270.12
8/14/2021,3264.1,3295.37,3286.68,3252
8/13/2021,3295.54,3094.71,3324.73,3284.34
8/12/2021,3095.8,3211.57,3100.4,3035.52
8/11/2021,3225.43,3159.12,3236.28,3151.37
8/10/2021,3155.89,3115.36,3185.53,3122.67
8/9/2021,3108.45,2948.39,3198.81,3097.56
8/8/2021,2955.74,3119.86,3032.96,2900.6
8/7/2021,3119.42,2936.51,3188.49,3080.83
8/6/2021,2934.97,2761.73,2935.44,2867.58
8/5/2021,2757.81,2712.3,2840.9,2757.81
8/4/2021,2709.28,2484.9,2740.75,2671.34
8/3/2021,2500.93,2532.75,2536.06,2483.36
8/2/2021,2521.64,2561.3,2631.43,2521.6
8/1/2021,2561.15,2615.99,2578.49,2513.51
7/31/2021,2606.62,2463.26,2606.62,2515.26
7/30/2021,2463.06,2423.46,2480.36,2443.02
7/29/2021,2425,2278.45,2447.62,2368.46
7/28/2021,2283.3,2300.7,2304.48,2269.15
7/27/2021,2293.37,2166.27,2333.2,2268.02
7/26/2021,2182.63,2302.93,2240.27,2152.92
7/25/2021,2306.04,2151.85,2334.39,2174.44
7/24/2021,2151.35,2063.8,2162.29,2106.71
7/23/2021,2118.68,2064.69,2129.47,2106.71
7/22/2021,2056.82,1963.31,2072.6,2014.9
7/21/2021,1977.77,1793.9,2022.02,1963
7/20/2021,1798.7,1750.25,1807.68,1758.64
7/19/2021,1729.57,1887.26,1840.36,1720.7
7/18/2021,1888.19,1981.38,1906.09,1866.6
7/17/2021,1976.62,1867.04,1988.23,1898.01
7/16/2021,1870.38,1950.8,1898.65,1858.96
7/15/2021,1947.4,1980.2,1956.17,1898.83
7/14/2021,1982.3,1884.94,2038.91,1975.73
7/13/2021,1878.55,2029.52,1944.17,1868.67
7/12/2021,2031.42,2164.62,2042.61,2015.04
7/11/2021,2167.08,2088.69,2167.43,2126.53
7/10/2021,2089.53,2133.62,2137.97,2087.18
7/9/2021,2135.68,2117.86,2191.3,2125.15
7/8/2021,2117.86,2254.97,2121.27,2079.41
7/7/2021,2260.35,2339.09,2322.47,2239.94
7/6/2021,2333.62,2236.97,2341.25,2296.43
7/5/2021,2230.21,2265.22,2248.15,2194.2
7/4/2021,2256.11,2224.7,2322.6,2247.49
7/3/2021,2227.7,2101.99,2236.97,2115.8
7/2/2021,2122.05,2041.94,2164.3,2115.8
7/1/2021,2049.73,2185.82,2132.95,2048.19
6/30/2021,2190.22,2124.71,2274.63,2184.31
6/29/2021,2130.08,2103.95,2186.03,2123.73
6/28/2021,2102.82,1966.79,2139.52,2076.17
6/27/2021,1970.68,1882.78,1994.48,1962.89
6/26/2021,1881.53,1820.25,1887.9,1813.79
6/25/2021,1822.86,1997.54,1839.01,1795.61
6/24/2021,1997.79,1907.23,2017.47,1964.07
6/23/2021,1896.95,2013.39,1975.26,1886.74
6/22/2021,2004.42,1976.78,2031.06,1823.57
6/21/2021,1982.71,2156.65,1994.32,1864.52
6/20/2021,2158.98,2182.5,2257.86,2158.98
6/19/2021,2187.34,2188.41,2192.1,2146.72
6/18/2021,2180.05,2341.96,2254.28,2173.52
6/17/2021,2346.86,2434.33,2376.62,2312.4
6/16/2021,2429.97,2522.01,2437.88,2361.32
6/15/2021,2524.44,2586.46,2544.35,2501.93
6/14/2021,2590.68,2478.38,2620.4,2569.79
6/13/2021,2472.22,2336.4,2523.59,2469.02
6/12/2021,2334.35,2302.03,2415.86,2323.45
6/11/2021,2277.78,2465.16,2363.77,2260.8
6/10/2021,2461.2,2579.14,2493.48,2406.53
6/9/2021,2580.44,2455.25,2615.46,2578.35
6/8/2021,2459.62,2490.48,2520.74,2414.66
6/7/2021,2487.84,2766.91,2618.7,2435.14
6/6/2021,2767.38,2674.69,2797.6,2693.66
6/5/2021,2671.4,2761.48,2691.89,2614.48
6/4/2021,2756.26,2732.62,2779.27,2680.35
6/3/2021,2747.86,2696.48,2856.63,2683.29
6/2/2021,2717.24,2594.12,2723.54,2666.39
6/1/2021,2612.9,2643.91,2647.44,2554.88
5/31/2021,2625.66,2308.45,2738.22,2616.64
5/30/2021,2291.24,2295.86,2412.95,2279.42
5/29/2021,2291.18,2512.21,2307.53,2181.93
5/28/2021,2515.66,2728.32,2544.21,2401.44
5/27/2021,2703.48,2676.63,2760.17,2674.15
5/26/2021,2655.84,2842.8,2885.02,2638.62
5/25/2021,2825.76,2585.19,2839.72,2648.1
5/24/2021,2586.52,2139.96,2747.49,2541.05
5/23/2021,2151.1,2319.79,2196.59,2080.87
5/22/2021,2312.92,2330.99,2379.89,2257.29
5/21/2021,2333.99,2791.47,2481.06,2311.87
5/20/2021,2805.8,2474.48,2931.66,2766.02
5/19/2021,2448.76,3094.68,2539.36,2163.4
5/18/2021,3103.98,3380.61,3434.01,3065.84
5/17/2021,3388.7,3254.53,3415,3244.93
5/16/2021,3267.2,3825.2,3582.19,3235.2
5/15/2021,3798.62,4027.17,3851.62,3626.53
5/14/2021,4035.14,3781.41,4129.99,4013.04
5/13/2021,3807.61,3938.29,3893.57,3694.54
5/12/2021,3911.35,4337.93,4031.99,3539.96
5/11/2021,4318.2,3855.65,4327.76,4151.39
5/10/2021,3857.83,4051.53,4025.11,3781.86
5/9/2021,4053.56,3879.14,4067.75,3888.6
5/8/2021,3947.83,3531.95,3947.83,3819.55
5/7/2021,3526.88,3423.71,3549.69,3453.37
5/6/2021,3439.26,3471.5,3530.84,3401.11
5/5/2021,3466.61,3310.14,3537.12,3442.35
5/4/2021,3317.58,3237.69,3331.54,3295.34
5/3/2021,3239.54,3053.38,3446.51,3188.9
5/2/2021,3052.6,2949.71,3057.99,2950.07
5/1/2021,2912.25,2838.94,2954.53,2910.74
4/30/2021,2843.18,2742.91,2846.81,2753.6
4/29/2021,2740.19,2694.76,2768.03,2727.5
4/28/2021,2690.07,2628.81,2753.4,2686.07
4/27/2021,2642.5,2494.61,2714.94,2629.85
4/26/2021,2498.12,2453.65,2546.63,2484.44
4/25/2021,2445.16,2189.26,2467.72,2305.97
4/24/2021,2192.66,2296.72,2249.28,2190.59
4/23/2021,2302.55,2281.49,2367.46,2229.62
4/22/2021,2277.17,2385.58,2440.21,2141.95
4/21/2021,2379.77,2290.15,2448.59,2319.93
4/20/2021,2297.03,2102.52,2360.69,2281.78
4/19/2021,2104.16,2265.71,2173.73,2067.73
4/18/2021,2272.48,2163.45,2275.87,2200.84
4/17/2021,2081.57,2486.24,2338.53,1948.93
4/16/2021,2481.23,2495.66,2489.45,2423.04
4/15/2021,2505.26,2475.6,2544.54,2478.92
4/14/2021,2467.41,2346.87,2475.98,2402.75
4/13/2021,2340.08,2163.35,2349.99,2281.49
4/12/2021,2165.82,2149.2,2175.04,2136.49
4/11/2021,2148.11,2145.41,2162.22,2131.14
4/10/2021,2145.29,2143.2,2157.01,2123.76
4/9/2021,2143.07,2072.65,2145.32,2058.23
4/8/2021,2075.85,1997.74,2097.6,2070.14
4/7/2021,1992.68,2104.49,1994.32,1951.83
4/6/2021,2104.03,2114.96,2128.25,2082.07
4/5/2021,2121.24,2029.49,2150.78,2108.81
4/4/2021,2032.56,2016.56,2083.73,2031.45
4/3/2021,2008.59,2092.44,2023.85,1982
4/2/2021,2092.19,1995.4,2137.68,2084.03
4/1/2021,1993.19,1925.82,2010.3,1949.99
3/31/2021,1917.44,1839.94,1944.08,1914.09
3/30/2021,1819.79,1793.72,1861.85,1817.09
3/29/2021,1796.9,1694.6,1827.16,1788.6
3/28/2021,1698.17,1706.73,1700.97,1678.38
3/27/2021,1712.37,1696.01,1716.12,1701.26
3/26/2021,1694.38,1612.97,1717.19,1687.49
3/25/2021,1620.25,1570.57,1628.28,1586.36
3/24/2021,1572.02,1679.82,1597.09,1550.11
3/23/2021,1678.98,1700.94,1685.04,1652.07
3/22/2021,1697.77,1783.57,1712.43,1668.86
3/21/2021,1781.34,1786.73,1786,1754.21
3/20/2021,1784.54,1833.17,1815.85,1776.42
3/19/2021,1828,1779.84,1835.31,1801.6
3/18/2021,1782.3,1834.11,1848.88,1735.42
3/17/2021,1835.14,1766.07,1849.23,1812.94
3/16/2021,1766.73,1749.34,1811.93,1763.65
3/15/2021,1747.84,1883.93,1803.06,1715.97
3/14/2021,1885.23,1911.09,1890.59,1843.41
3/13/2021,1903.82,1771.54,1932.36,1890.05
3/12/2021,1755.68,1804.91,1767.3,1730.46
3/11/2021,1804.89,1800.28,1841.19,1797.03
3/10/2021,1798.94,1793.22,1816.29,1764.46
3/9/2021,1791.89,1836.52,1875.98,1759.5
3/8/2021,1843.43,1728.08,1858.77,1809.09
3/7/2021,1726.71,1658.18,1751.92,1710.67
3/6/2021,1657.64,1529.67,1685.08,1639.66
3/5/2021,1528.31,1467.96,1548.06,1521.6
3/4/2021,1483.07,1536.46,1540.66,1447.45
3/3/2021,1543.9,1540.21,1623.73,1535.9
3/2/2021,1543.85,1576.03,1547,1477.72
3/1/2021,1568.58,1440.72,1602.13,1515.22
2/28/2021,1444.09,1368.4,1455.37,1411.55
2/27/2021,1385.91,1502.21,1467.76,1367.31
2/26/2021,1503.8,1503.15,1515.83,1439.84
2/25/2021,1508.01,1589.77,1526.62,1449.19
2/24/2021,1595.49,1643.15,1655.45,1588.7
2/23/2021,1636.05,1632.56,1652.01,1505.79
2/22/2021,1609.62,1864.79,1781.44,1609.62
2/21/2021,1857.91,1944.76,1935.04,1837.22
2/20/2021,1937.85,2021.73,1954.82,1885.7
2/19/2021,2025.19,1903.83,2040.79,1924.17
2/18/2021,1904.01,1901.06,1951.26,1892.7
2/17/2021,1898.89,1738.69,1916.3,1849.05
2/16/2021,1740.05,1812.81,1785.72,1734.15
2/15/2021,1811.57,1722.58,1827.07,1746.05
2/14/2021,1710.87,1815.38,1811.64,1661.09
2/13/2021,1812.56,1863.1,1843.13,1803.1
2/12/2021,1859.33,1750.21,1871.36,1840.72
2/11/2021,1745.83,1722.42,1806.86,1741.04
2/10/2021,1722.27,1787.5,1746.32,1704.97
2/9/2021,1787.21,1735.72,1824,1760.05
2/8/2021,1739.05,1618.84,1765.88,1711.4
2/7/2021,1615.97,1606.98,1629.25,1566.43
2/6/2021,1588.25,1672.02,1692.29,1588.25
2/5/2021,1680.93,1635.47,1742.9,1651.54
2/4/2021,1634.08,1661.46,1651.61,1589.28
2/3/2021,1659.29,1552.97,1693.64,1635.72
2/2/2021,1554.28,1381.14,1560.3,1510.27
2/1/2021,1381.97,1315.29,1410.06,1361.63
1/31/2021,1318.04,1361.22,1329.6,1272.09
1/30/2021,1357.97,1343.06,1380.04,1352.46
1/29/2021,1346.21,1306.37,1405.78,1327.66
1/28/2021,1305.36,1283.04,1373.56,1288.26
1/27/2021,1279.75,1311.55,1291.83,1221.15
1/26/2021,1306.99,1341.04,1372.31,1299.62
1/25/2021,1330.64,1423.2,1377.94,1299.52
1/24/2021,1416.87,1320.61,1474.68,1386.17
1/23/2021,1314.48,1248.22,1315.63,1222.14
1/22/2021,1246.4,1158.45,1250.31,1207.41
1/21/2021,1154.44,1288.75,1185.94,1045.02
1/20/2021,1299.96,1357.1,1387.39,1294.54
1/19/2021,1359.85,1305.16,1406.56,1321.61
1/18/2021,1310.45,1202.37,1344.01,1252.36
1/17/2021,1197.31,1224.31,1246.47,1184.15
1/16/2021,1235.13,1181.16,1257.81,1202.47
1/15/2021,1178.3,1208.32,1197.51,1158.33
1/14/2021,1215,1108.45,1256.13,1203.63
1/13/2021,1106.15,1024.1,1144.05,1088.52
1/12/2021,1021.17,1097.37,1058.07,990.96
1/11/2021,1085.9,1118.53,1101.03,1042.16
1/10/2021,1117.54,1318.94,1257.3,1026.35
1/9/2021,1322.28,1220.04,1340.14,1275.87
1/8/2021,1221.03,1169.55,1233.44,1172.39
1/7/2021,1170.08,1210.66,1230.75,1069.25
1/6/2021,1211.33,1116.23,1223.43,1181.5
1/5/2021,1115.89,1004.08,1132.76,1060.67
1/4/2021,1024.04,1027.21,1131.56,990.8
1/3/2021,1020.94,778.07,1033,956.6
1/2/2021,774.3,729.11,781.35,769.57
1/1/2021,729.49,742.54,733.28,715.15
12/31/2020,742.94,742.62,748.96,730.02
12/30/2020,741.69,730.27,755.13,730.13
12/29/2020,729.47,703.67,747.11,726.12
12/28/2020,700.79,704.72,739.77,690.24
12/27/2020,704.46,643.33,718.1,682.47
12/26/2020,643.1,630.08,652.1,635.4
12/25/2020,632.16,609.3,636.76,621.49
12/24/2020,608.98,574.9,615.54,605.01
12/23/2020,577.76,623.18,586.67,566.15
12/22/2020,619.31,610.04,638.11,618.36
12/21/2020,611.52,644.99,615.04,602.33
12/20/2020,644.66,646.44,647.87,634.71
12/19/2020,647.33,655.28,657.96,641.43
12/18/2020,654.9,643.49,659.56,645.91
12/17/2020,645.76,637.49,653.77,630.44
12/16/2020,639.81,583.43,651.74,635.64
12/15/2020,584.1,583.61,589.15,580.9
12/14/2020,589.41,585.49,596.97,585.65
12/13/2020,584.53,567.72,591.41,582.3
12/12/2020,568.16,553.72,569.55,563.37
12/11/2020,553.73,545.86,555.89,543.99
12/10/2020,545.75,567.5,560.28,541.11
12/9/2020,568.12,547.55,575.56,565.12
12/8/2020,549.8,589.5,556.38,543.13
12/7/2020,589.53,596.36,591.33,586.6
12/6/2020,595.05,598.9,603.06,591.66
12/5/2020,599.63,579.17,606.9,595.09
12/4/2020,579.52,605.84,579.85,561.24
12/3/2020,605.8,593.14,619.61,601.18
12/2/2020,594,582.37,599.92,589.22
12/1/2020,582.44,604.17,597.12,575.24
11/30/2020,606.09,584.88,616.78,602.58
11/29/2020,584.4,539.07,592.92,575.35
11/28/2020,541.13,512.77,543.58,530.71
11/27/2020,511.77,520.06,520.26,509.83
11/26/2020,520.17,526.88,530.41,515.15
11/25/2020,526.94,581.9,577.08,512.11
11/24/2020,586.46,618.55,605.63,581.44
11/23/2020,618.57,580.95,619.86,600.53
11/22/2020,580.38,546.95,585.44,551.8
11/21/2020,546.66,505.18,560.15,538.25
11/20/2020,506.03,486.32,518.09,505.23
11/19/2020,487.04,476.23,487.97,471.06
11/18/2020,476.65,493.69,480.55,474.41
11/17/2020,492.79,461.77,495.04,481.87
11/16/2020,465.31,449.61,468.45,459.74
11/15/2020,449.43,457.92,451.24,445.82
11/14/2020,458.82,471.38,462.93,456.64
11/13/2020,468.91,463.79,477.34,468.01
11/12/2020,463.56,457.96,466.8,461.31
11/11/2020,458.7,462.97,464.08,452.65
11/10/2020,460.3,450.95,466.08,449.51
11/9/2020,451.7,451.96,451.7,439.5
11/8/2020,451.3,438.08,457.6,449.28
11/7/2020,439.91,458.73,443.06,432.44
11/6/2020,457.44,429.4,467.88,454.78
11/5/2020,429.42,403.07,440.91,415.08
11/4/2020,403.94,385.62,406.22,400.59
11/3/2020,385.66,374.34,388.39,381.27
11/2/2020,374.33,398.31,385.08,370.96
11/1/2020,397.5,385.9,404.04,396.24
10/31/2020,386.96,383.02,390.08,385.37
10/30/2020,382.13,384.85,387.63,380.53
10/29/2020,385.39,391.26,391.98,383.6
10/28/2020,390.06,405.9,392.04,387.82
10/27/2020,406.19,392.5,408.1,402.95
10/26/2020,392.37,408.94,395.3,391.93
10/25/2020,408.61,414.83,410.41,403.76
10/24/2020,415.04,412.13,416.1,410.45
10/23/2020,412.14,413.25,413.52,407.74
10/22/2020,413.28,393.13,415.07,410.5
10/21/2020,393.07,378.12,397.63,391.21
10/20/2020,378.6,379.83,378.82,368.06
10/19/2020,379.95,372.87,380.14,377.68
10/18/2020,373.64,368.27,379.42,373.13
10/17/2020,368.52,368.37,370.26,367.54
10/16/2020,367.51,377.86,368.28,363.18
10/15/2020,377.24,376.66,379.6,375.9
10/14/2020,376.75,382.14,379.2,375.44
10/13/2020,382.98,383.02,384.8,380.71
10/12/2020,383.73,373.89,387.06,382.33
10/11/2020,374.08,370.63,375.16,372.56
10/10/2020,370.46,373.49,372.99,369.37
10/9/2020,376.76,350.82,377.97,364.57
10/8/2020,350.34,339.16,351.32,348.29
10/7/2020,339.24,338.39,341.94,338.4
10/6/2020,337.78,353.55,340.61,334.11
10/5/2020,353.76,354.22,354.73,351.95
10/4/2020,351.76,345.69,354.86,351.29
10/3/2020,345.86,345.71,347.34,344.03
10/2/2020,348.24,352.83,348.69,343.74
10/1/2020,352.13,362.24,353.61,350.18
9/30/2020,362.29,355.75,363.36,358.78
9/29/2020,355.89,353.67,359.91,355.35
9/28/2020,353.32,357.82,355.46,352.09
9/27/2020,358.32,359.3,360.18,357.42
9/26/2020,358.88,351.51,361.61,353.87
9/25/2020,351.83,345.1,353.51,350.21
9/24/2020,345.97,325.05,349.83,345.92
9/23/2020,324.78,341.64,326.04,317.27
9/22/2020,341.82,343.16,344.12,341.17
9/21/2020,343.17,374.93,344.9,338.28
9/20/2020,374.19,381.75,375.34,369.19
9/19/2020,381.83,383.11,385.39,379.75
9/18/2020,382.35,387.56,385.28,381.61
9/17/2020,387.14,376.93,392.21,385.88
9/16/2020,378.77,359.19,384.4,363.54
9/15/2020,358.9,376.16,364.57,355.18
9/14/2020,376.13,366.05,381.67,374.64
9/13/2020,366.36,388.89,367.44,357.54
9/12/2020,388.62,369.51,388.72,383.16
9/11/2020,369.38,357.81,374,368.61
9/10/2020,358.29,369.82,371.54,358.12
9/9/2020,369.47,333.96,370.46,350.86
9/8/2020,332.83,349.24,340.86,331.12
9/7/2020,349.48,347.11,355.69,347.39
9/6/2020,346.55,328.44,357.33,345.03
9/5/2020,329.17,387.29,342.19,323.09
9/4/2020,388.18,384.69,394.12,384.88
9/3/2020,384.74,442.75,390.96,376.73
9/2/2020,441.27,470.06,466.4,438.08
9/1/2020,471.57,443.41,478.8,465.98
8/31/2020,443.36,425.2,443.81,429.65
8/30/2020,425.51,404.83,429.88,424.19
8/29/2020,404.93,394.66,406.78,398.47
8/28/2020,394.52,387.45,395.89,391.97
8/27/2020,386.73,384.4,388.55,379.8
8/26/2020,384.65,386.21,389.15,383.04
8/25/2020,384.69,401.46,387.7,377.69
8/24/2020,402.08,393.04,409.02,400.64
8/23/2020,392.81,390.15,393.89,387.62
8/22/2020,389.87,385.71,396.96,388.81
8/21/2020,384.91,415.93,388.19,379.96
8/20/2020,414.28,407.19,418.72,409.83
8/19/2020,408.02,415.82,415.16,406.65
8/18/2020,417.19,429.88,426.65,416.35
8/17/2020,429.52,425.82,433.65,428.13
8/16/2020,426.95,426.54,434.85,421.98
8/15/2020,427.6,439.2,433.11,424.2
8/14/2020,438.73,421.08,442.7,435.82
8/13/2020,421.53,394.5,429.93,418.37
8/12/2020,393.41,377.14,394.67,386.56
8/11/2020,376.63,394.25,380.49,372.66
8/10/2020,393.84,397.07,398.13,393.28
8/9/2020,397.7,395.01,398.07,390.17
8/8/2020,395.53,378.31,399.93,393.6
8/7/2020,378.28,395.62,382.67,376.38
8/6/2020,395.91,395.64,398.14,394.04
8/5/2020,395.63,389.24,403.18,394.91
8/4/2020,388.81,390.94,391.89,384.84
8/3/2020,389.43,379.28,402.01,385.86
8/2/2020,380.44,407.19,385.66,368.46
8/1/2020,404.77,352.16,404.81,386.07
7/31/2020,352.68,329.05,352.68,343.33
7/30/2020,330.22,316.24,336.35,329.05
7/29/2020,316.67,316.51,319.4,315.62
7/28/2020,316.34,319.14,318.81,312.64
7/27/2020,318.05,325.15,326.53,316.3
7/26/2020,326.49,302.84,329.05,311.04
7/25/2020,302.96,282.83,305.32,300.33
7/24/2020,283.36,272.94,284.35,279.33
7/23/2020,273.22,263.85,275.31,272.16
7/22/2020,263.83,244.47,265.51,262.57
7/21/2020,244.56,237.07,245.66,243.51
7/20/2020,237.03,238.69,237.5,235.67
7/19/2020,238.71,235.13,239.71,237.8
7/18/2020,235.17,232.99,236.29,234.77
7/17/2020,232.96,233.17,233.36,232.4
7/16/2020,232.91,238.48,234.44,232.8
7/15/2020,238.47,239.33,239.47,237.98
7/14/2020,239.75,238.77,241.36,239.75
7/13/2020,238.97,241.71,240.21,238.52
7/12/2020,241.69,240.84,243.55,241.25
7/11/2020,240.9,240.55,241.37,239.09
7/10/2020,240.46,240.54,241.64,240.25
7/9/2020,240.12,244.79,242.17,239.99
7/8/2020,244.8,241.91,246.96,243.33
7/7/2020,241.49,239.42,242.28,238
7/6/2020,239.58,227.89,243.43,238.17
7/5/2020,227.83,228.13,228.64,227.1
7/4/2020,228.27,226.27,229.8,227.81
7/3/2020,226.29,226.48,226.89,224.8
7/2/2020,228.34,227.57,232.04,227.94
7/1/2020,231.06,225.45,232.04,230.62
6/30/2020,225.16,227.02,225.93,224.33
6/29/2020,227.17,224.69,228.57,226.95
6/28/2020,224.63,219.27,226.72,224.29
6/27/2020,219.27,229.75,221.04,218.54
6/26/2020,229.74,232.36,230.06,228.77
6/25/2020,232.61,229.67,233.5,231.23
6/24/2020,228.94,245.37,235.29,227.99
6/23/2020,244.92,242.72,245.91,242.97
6/22/2020,242.79,234.25,244.67,240.94
6/21/2020,234.19,229.73,234.47,227.69
6/20/2020,229.57,230.37,230.21,228.75
6/19/2020,230.19,227.79,230.96,228.78
6/18/2020,227.44,233.63,231.51,226.97
6/17/2020,233.84,233.11,234.69,233.07
6/16/2020,233.19,233.23,235.64,232.34
6/15/2020,233.07,225.95,233.66,228.99
6/14/2020,236.66,235.65,238.48,234.14
6/13/2020,237.64,235.72,238.48,237.39
6/12/2020,236.04,233.6,237.92,235.82
6/11/2020,233.66,248.21,234.19,228.62
6/10/2020,248.2,243.89,249.77,247.81
6/9/2020,243.92,243.19,244.71,243.49
6/8/2020,243.28,244.09,249.45,240.18
6/7/2020,244.05,243,245.15,243.25
6/6/2020,243.32,240.57,244.05,240.63
6/5/2020,240.14,243.11,241.36,238.38
6/4/2020,240.3,238.05,246.41,238.5
6/3/2020,245.73,235.81,246.41,243.31
6/2/2020,235.9,247.23,238.6,235.43
6/1/2020,247.23,238.77,248.75,245.8
5/31/2020,238.07,232.45,245.33,235.85
5/30/2020,237.53,222.64,245.33,235.85
5/29/2020,221.75,221.71,221.75,218.86
5/28/2020,222.01,206.43,224.52,220.12
5/27/2020,206.57,201.73,208.61,206.36
5/26/2020,201.9,204.52,202.35,200.85
5/25/2020,204.6,202.37,204.9,202.85
5/24/2020,202.06,208.59,203.14,198.57
5/23/2020,208.86,209.86,209.63,206.07
5/22/2020,209.51,197.45,211.03,207.35
5/21/2020,197.56,209.28,199.9,196.68
5/20/2020,209.37,213.01,211.58,209.23
5/19/2020,212.74,210.38,214.65,212.61
5/18/2020,210.16,215.04,215,210.16
5/17/2020,215.15,201.48,215.99,207.01
5/16/2020,201.79,198.65,202.48,199.77
5/15/2020,198.82,199.58,199.68,193.48
5/14/2020,199.95,199.12,204.02,197.65
5/13/2020,198.74,190.8,200.78,196.91
5/12/2020,190.82,188.49,191.38,189.42
5/11/2020,188.47,188.6,189.12,185.72
5/10/2020,188.4,212.72,210.19,183.15
5/9/2020,186.4,213.81,210.19,183.15
5/8/2020,213.52,213.12,214.5,209.67
5/7/2020,213,206,216.44,211.21
5/6/2020,205.67,206.76,207.92,197.36
5/5/2020,207.47,206.07,208.74,202.21
5/4/2020,206.33,203.61,208.53,205
5/3/2020,203.96,216.77,210.63,202.35
5/2/2020,218.05,212.18,218.74,213.61
5/1/2020,213.24,209.97,213.37,211.25
4/30/2020,208.09,218.64,210.29,206.06
4/29/2020,224.41,198.04,224.41,214.36
4/28/2020,198.21,194.06,199.14,196.45
4/27/2020,194.22,197.78,196.21,192.65
4/26/2020,197.28,194.67,198.8,196.69
4/25/2020,194.47,186.78,195.32,193.66
4/24/2020,187.29,188.42,187.67,186.03
4/23/2020,188.19,183.93,189.03,185.19
4/22/2020,183.93,171.64,186.5,181.47
4/21/2020,171.14,171.14,172.04,169.93
4/20/2020,171.69,183.41,173.5,169.85
4/19/2020,183.88,187.28,184.16,178.9
4/18/2020,187.02,173.34,188.23,184.82
4/17/2020,172.71,170.96,173.95,170.61
4/16/2020,171.42,153.09,173.14,170.19
4/15/2020,153.08,159.8,153.55,148.91
4/14/2020,160.06,157.44,160.13,155.94
4/13/2020,157.98,153.94,158.35,155.52
4/12/2020,152.56,156.91,158.76,150.6
4/11/2020,155.9,159.81,159.36,155.75
4/10/2020,159.77,168.29,160.36,157.75
4/9/2020,163.45,170.21,170.1,163.22
4/8/2020,170.26,168.76,173.18,169.87
4/7/2020,172.2,169.92,172.85,163.73
4/6/2020,170.57,143.6,175.78,167.58
4/5/2020,144.01,144.46,144.55,142.55
4/4/2020,143.9,139.92,145.26,143.44
4/3/2020,140,142.26,142.02,139.36
4/2/2020,141.99,136.22,142.7,140.42
4/1/2020,135.73,132.48,137.93,135.26
3/31/2020,132.84,133,133.4,131.27
3/30/2020,132.45,127.01,134,131.14
3/29/2020,126.85,130.02,127.45,125.02
3/28/2020,130.17,126.5,131.74,129.26
3/27/2020,126.5,139.26,132.3,125.48
3/26/2020,139.27,137.06,140.99,137.95
3/25/2020,136.84,136.25,137.85,135.32
3/24/2020,136.54,134.12,141.1,135.35
3/23/2020,134.7,125.33,136.74,134.39
3/22/2020,125.4,135.91,125.95,120.2
3/21/2020,135.56,134.12,135.76,130.75
3/20/2020,133.26,133.78,137.33,129.92
3/19/2020,133.81,116.03,138.58,132.74
3/18/2020,116.18,116.98,119.21,115.61
3/17/2020,116.84,117.45,117.36,115.24
3/16/2020,117.36,122.51,120.6,109.67
3/15/2020,122.03,121.2,124.38,120.77
3/14/2020,121.21,133.4,123.75,120.93
3/13/2020,133.74,124.09,134.58,129.72
3/12/2020,124.23,183.27,137.06,88.5
3/11/2020,182.97,201.72,195.4,182.95
3/10/2020,201.6,202.36,202.96,200.1
3/9/2020,202.58,201.43,204.6,200.13
3/8/2020,200.89,231.65,206.62,198.25
3/7/2020,231.68,243.09,237.3,229.75
3/6/2020,243.19,229.11,245.85,242.39
3/5/2020,229.17,226.72,230.69,227.71
3/4/2020,224.23,228.6,228.66,221.74
3/3/2020,227.2,229.86,228.66,222.66
3/2/2020,229.92,220.99,232.15,227.76
3/1/2020,221.05,222.55,221.89,216.23
2/29/2020,222.75,231.89,225.34,216.48
2/28/2020,231.91,229.18,232.45,226.79
2/27/2020,230.27,218.2,234.55,227
2/26/2020,218.28,240.59,224.52,210.36
2/25/2020,240.6,261.33,250.05,236.8
2/24/2020,261.34,267.69,266.17,261.08
2/23/2020,267.13,266.17,276.81,266.08
2/22/2020,266.02,261.06,267.9,261.24
2/21/2020,260.78,260.83,266.71,260.75
2/20/2020,260.87,260.55,263.69,254.15
2/19/2020,260.24,278.69,264.22,257.67
2/18/2020,278.91,270.99,282.61,277.7
2/17/2020,248.81,265.86,261.25,242.11
2/16/2020,245.2,272.75,261.25,242.11
2/15/2020,271.87,281.25,273.81,258.89
2/14/2020,282.01,266.87,287.93,278.59
2/13/2020,267.16,269.48,269.9,264.84
2/12/2020,269.35,245.01,274.21,265.23
2/11/2020,245.68,218.56,247.11,236.73
2/10/2020,218.39,224.59,223.44,218.22
2/9/2020,224.54,227.72,229.28,222.59
2/8/2020,228.07,220.03,228.84,223.07
2/7/2020,220.39,218.62,224.43,213.75
2/6/2020,219.52,205.94,220.92,213.14
2/5/2020,205.23,190.26,206.51,201.29
2/4/2020,189.95,187.23,190.13,188.26
2/3/2020,187.56,190.78,191.48,187.13
2/2/2020,191.22,181.9,194.92,187.44
2/1/2020,181.94,182,183.68,179.49
1/31/2020,182.53,182.34,184.17,179.36
1/30/2020,182.36,174.27,185.67,182.34
1/29/2020,174.28,176.39,174.5,171.2
1/28/2020,176.25,172.26,177.42,175.26
1/27/2020,172.56,167,173.53,170.27
1/26/2020,166.8,160.9,169.64,166.54
1/25/2020,160.92,159.41,161.76,159.55
1/24/2020,159.47,158.44,162.58,157.87
1/23/2020,158.47,164.82,163.42,158.12
1/22/2020,164.52,169.43,168.25,164.52
1/21/2020,169.38,167.95,169.97,167.97
1/20/2020,168.48,164.87,168.83,165.74
1/19/2020,165.09,175.98,167.44,164.57
1/18/2020,176.09,168.82,177.77,173.53
1/17/2020,169.29,166.63,173.54,168.18
1/16/2020,166.37,160.31,167.21,162.33
1/15/2020,160.63,160.77,167.18,159.08
1/14/2020,161.67,149.08,171.69,161.05
1/13/2020,149.44,144.03,150.26,143.59
1/12/2020,144.11,143.66,146.87,142.88
1/11/2020,143.73,143.31,144.44,142
1/10/2020,143.42,136.58,145.23,142.95
1/9/2020,136.64,140.09,138.19,136.33
1/8/2020,140.13,145.02,141.6,139.6
1/7/2020,145.02,142.52,147.55,142.95
1/6/2020,142.42,139.6,145.13,142.33
1/5/2020,139.82,136.02,139.9,135.17
1/4/2020,136.42,133.76,136.97,134.32
1/3/2020,133.96,129.4,134.77,132.95
1/2/2020,129.24,129.71,129.79,126.05
1/1/2020,129.67,130.23,130.77,128.89
12/31/2019,130.28,131.46,130.92,128.81
12/30/2019,131.56,135.14,132.11,131.18
12/29/2019,135.18,128.32,135.6,133.28
12/28/2019,128.3,127.54,128.44,127.67
12/27/2019,125.28,128.81,127.04,123.18
12/26/2019,125.83,124.8,126.73,125.31
12/25/2019,124.91,126.56,125.74,124.7
12/24/2019,126.56,128.09,128.17,125.79
12/23/2019,128.13,133.42,128.67,127.56
12/22/2019,133.6,127.46,134.92,132.2
12/21/2019,127.55,128.09,128.12,127.09
12/20/2019,127.94,127.16,128.79,127.4
12/19/2019,127.18,128.47,128.79,126.8
12/18/2019,128.2,123.9,133.9,127.28
12/17/2019,123.82,131.85,125.33,121.6
12/16/2019,131.73,141.45,132.96,131.37
12/15/2019,141.42,141.31,142.75,141.04
12/14/2019,141.31,144.62,142.14,140.3
12/13/2019,144.62,144.69,145.17,144.48
12/12/2019,144.72,141.9,145.43,144.37
12/11/2019,141.98,145.89,143.98,140
12/10/2019,145.9,147.79,146.56,145.2
12/9/2019,147.76,150.86,148.48,147
12/8/2019,151.03,148.46,151.75,150.31
12/7/2019,148.6,149.17,148.94,147.95
12/6/2019,149.28,148.32,149.55,148.29
12/5/2019,148.1,145.28,148.98,147.22
12/4/2019,145.41,145.21,146.6,144.64
12/3/2019,145.31,149.27,147.9,144.1
12/2/2019,148.78,150.59,149.84,148.65
12/1/2019,150.59,147.89,151.63,150.12
11/30/2019,148.38,154.07,151.93,146.85
11/29/2019,153.43,152.62,155.19,153.19
11/28/2019,152.32,152.5,152.9,150.64
11/27/2019,152.1,145.93,154.68,151.86
11/26/2019,146.35,149.28,148.46,144.75
11/25/2019,147.83,138.28,148.29,144.5
11/24/2019,138.52,150.98,142.58,136.95
11/23/2019,150.36,150.18,153.24,150.36
11/22/2019,150.1,162.39,150.38,146.6
11/21/2019,161.76,175.41,163.06,161.42
11/20/2019,175.39,176.36,175.91,174.3
11/19/2019,174.72,178.46,178.7,173.48
11/18/2019,178.1,183.33,178.7,177.34
11/17/2019,183.29,182.25,184.3,182.79
11/16/2019,182.45,180.96,183.2,182.34
11/15/2019,180.66,183.87,181.05,179.53
11/14/2019,182.53,187.65,185.49,181.75
11/13/2019,187.56,186.07,188.91,187.28
11/12/2019,185.97,185.8,187.14,185.7
11/11/2019,185.87,189.78,186.48,184.6
11/10/2019,189.31,184.09,190.17,188.98
11/9/2019,183.98,184.9,185.1,183.55
11/8/2019,184.72,187.96,185.07,183.59
11/7/2019,188.28,190.24,188.3,186.6
11/6/2019,189.28,189.68,192.27,189.24
11/5/2019,190.23,186.41,190.71,188.13
11/4/2019,186.14,181.53,187.02,185.02
11/3/2019,181.54,183.89,182,180.98
11/2/2019,183.25,183.16,183.57,183
11/1/2019,182.77,181.75,183.51,182.5
10/31/2019,182.21,184,182.71,181.4
10/30/2019,182.42,190.94,185.21,181.65
10/29/2019,190.94,184.52,191.58,188.56
10/28/2019,184.17,186.77,184.18,181.67
10/27/2019,186.1,178.96,188.91,183.65
10/26/2019,178.26,184.25,181.58,178.06
10/25/2019,191.42,161.03,192.54,181.5
10/24/2019,161.04,161.15,161.28,160.69
10/23/2019,161.07,171.18,162.61,160.38
10/22/2019,171.03,173.57,171.61,170.99
10/21/2019,173.98,174.32,174.51,173.49
10/20/2019,174.41,170.13,175.14,173.97
10/19/2019,170.4,172.01,171.93,169.57
10/18/2019,171.65,177.13,173.08,171.56
10/17/2019,177.11,173.81,177.47,176.49
10/16/2019,174.1,180.28,174.68,173.52
10/15/2019,179.72,186.09,181.08,179.53
10/14/2019,186.16,182.26,187.67,185.87
10/13/2019,182.42,182.04,182.85,180.65
10/12/2019,182.58,182.84,182.77,178.89
10/11/2019,182.68,190.2,183.76,180.6
10/10/2019,190.1,192.17,191.64,188.87
10/9/2019,191.75,180.64,193.68,191.34
10/8/2019,180.5,184.41,181.97,180.49
10/7/2019,184.08,169.93,184.51,179.73
10/6/2019,174.19,176.2,176.87,174.05
10/5/2019,175.33,175.7,176.87,174.62
10/4/2019,174.89,173.2,175.86,174.75
10/3/2019,173.16,179.43,174.77,172.27
10/2/2019,179.42,176.36,180.57,178.86
10/1/2019,176.66,181.13,177.41,174.69
9/30/2019,181.05,169.65,181.07,178
9/29/2019,168.75,173.05,169.9,168.3
9/28/2019,172.46,174.54,174.43,172.27
9/27/2019,174.36,163.89,174.44,172.67
9/26/2019,163.44,168.15,165.17,162.89
9/25/2019,167.27,172.41,169.14,166.9
9/24/2019,172.85,201.73,174.26,166.1
9/23/2019,201.54,209.18,202.97,200.02
9/22/2019,209.16,211.45,211.76,208.52
9/21/2019,211.03,219.38,215.64,209.74
9/20/2019,219.94,216.51,221.17,217.43
9/19/2019,218.62,208.43,221.27,217.28
9/18/2019,207.53,211.75,210.45,205.88
9/17/2019,210.9,198.12,212.23,207.69
9/16/2019,197.05,194.32,198.63,196.97
9/15/2019,194.3,187.59,194.34,189.09
9/14/2019,187.89,180.45,190.23,187.54
9/13/2019,180.92,180.29,181.41,180.36
9/12/2019,180.47,178.04,181.53,180.12
9/11/2019,177.71,180.17,178.95,177.48
9/10/2019,180.17,182.98,182.27,179.85
9/9/2019,182.47,180.04,184.76,176.25
9/8/2019,180.47,178.34,181.57,180.19
9/7/2019,178.59,169.26,179.36,177.76
9/6/2019,169.37,174.48,169.53,168.42
9/5/2019,173.92,174.3,174.2,173.08
9/4/2019,173.85,177.95,174.83,173.77
8/16/2019,184.48,184.09,188.03,179.35
8/15/2019,187.14,187.76,188.03,186.48
8/14/2019,187.24,206.88,189.3,186.62
8/13/2019,207.64,209.28,209.43,206.46
8/11/2019,214.65,206.43,215.04,205.64
8/10/2019,210.6,211.84,211.34,205.64
8/6/2019,229.83,230.94,237.47,226.8
8/5/2019,227.11,225.67,232.49,226.8
8/4/2019,225.02,221.14,226.77,220.75
8/3/2019,221.06,218.76,222.21,220.85
8/2/2019,222.65,215.53,223,215.52
8/1/2019,215.52,213.06,216.81,214.91
7/31/2019,212.82,210.83,217.55,211.41
7/30/2019,210.47,205.52,211.46,208.17
7/29/2019,207.15,213.23,210.46,207.09
7/28/2019,212.8,207.06,214.45,208.4
7/27/2019,206.56,221.43,207.05,205.81
7/26/2019,220.37,213.33,222.7,217.55
7/25/2019,213.45,221.29,217.67,212.07
7/24/2019,220.71,205.31,223.3,214.79
7/23/2019,203.95,215.29,211.86,202.3
7/22/2019,215.48,224.23,217.23,214.68
7/21/2019,224.61,227.77,227.47,223.53
7/20/2019,224.97,223.99,228.76,224.97
7/19/2019,220.51,221.8,222.67,219.8
7/18/2019,223.03,212.75,225.68,222.61
7/17/2019,211.42,199.84,213.86,206.7
7/16/2019,195.74,232.02,203.21,194.45
7/15/2019,229.37,217.61,234.41,228.39
7/14/2019,216.61,268.83,226.66,204.39
7/13/2019,268.79,273.27,269.62,267.68
7/12/2019,273.36,271.63,275.04,272.76
7/11/2019,270.66,286.73,274.28,267.17
7/10/2019,284.93,313.24,289.14,281.88
7/9/2019,311.81,312.83,312.09,306.63
7/8/2019,314.6,304.29,314.91,309.79
7/7/2019,304.03,288.59,306.91,301.6
7/6/2019,287,291.12,288.89,285.28
7/5/2019,290.92,284.74,292.7,286.83
7/4/2019,286.11,298.28,286.9,281.92
7/3/2019,298.59,296.58,301.56,297.45
7/2/2019,295.06,287.28,298.42,291.48
7/1/2019,288.81,299.15,297,286.69
6/30/2019,298.93,319.03,300.54,290.24
6/29/2019,319.77,305.61,323.21,318.26
6/28/2019,298.12,298.35,310.78,298.12
6/27/2019,301.22,337.45,306.81,295.3
6/26/2019,333.41,317.2,345.83,329.83
6/25/2019,316.38,312.02,319.68,315.99
6/24/2019,311.32,305.83,312.73,310.07
6/23/2019,306.04,314.91,308.51,297.9
6/22/2019,315.9,303.87,318.5,310.39
6/21/2019,305.06,281.58,305.34,292.09
6/20/2019,280.49,266.81,283.6,271.47
6/19/2019,268.12,265.47,268.72,267.66
6/18/2019,265.59,269.43,266.93,263.61
6/17/2019,271.52,270.83,273.26,270.37
6/16/2019,271.48,269.11,272.55,268
6/15/2019,269.53,264.63,269.81,265.93
6/14/2019,265.36,253.42,265.77,260.93
6/13/2019,253.92,258.81,256.54,252.01
6/12/2019,259.31,243.6,262.47,258.59
6/11/2019,243.97,244.96,244.81,242.57
6/10/2019,244.69,232.86,247.77,244.12
6/9/2019,233.53,239.42,234.64,227.38
6/8/2019,241.33,250.32,243.79,240.36
6/7/2019,248.46,246.3,250.51,248.37
6/6/2019,246.71,246.61,249.98,246.11
6/5/2019,246.42,240.85,246.94,244.6
6/4/2019,240.85,248.65,243.57,240.15
6/3/2019,248.55,267.03,250.28,241.88
6/2/2019,267.37,267.02,269.26,265
6/1/2019,267.59,270.84,268.43,263.73
5/31/2019,271.98,257.14,274.94,265.64
5/30/2019,256.64,270.95,258.77,253.83
5/29/2019,268.94,268.74,273.29,267.16
5/28/2019,268.28,272.69,271.16,266.98
5/27/2019,273.22,266.69,273.4,268.63
5/26/2019,264.37,249.71,269.27,264.11
5/25/2019,250.72,251.34,251.55,250.24
5/24/2019,250.48,241.99,251.08,247.9
5/23/2019,242.45,244.46,246.15,242.45
5/22/2019,243.03,254.98,245.09,241.84
5/21/2019,256.83,250.66,259.7,253.32
5/20/2019,249.79,247.78,254.94,248.89
5/19/2019,247.97,244.2,259.68,245.9
5/18/2019,244.84,239.82,248.46,232.85
5/17/2019,240.16,254.86,247.84,237.45
5/16/2019,253.77,271.82,267.8,252.72
5/15/2019,264,221.06,268.43,247.19
5/14/2019,221.17,203.41,222.93,217.32
5/13/2019,203.52,189.29,204.96,195.22
5/12/2019,189.45,193.1,190.69,185.69
5/11/2019,190.12,173.67,193.05,172.75
5/10/2019,176.68,171.49,177.43,172.75
5/9/2019,170.1,172.8,171.16,168.86
5/8/2019,172.17,169.24,173.28,170.26
5/7/2019,169.21,179.15,169.68,165.7
5/6/2019,179.05,161.85,181.39,172.97
5/5/2019,161.6,161.99,163.1,161.6
5/4/2019,164.05,157.39,165.57,160.05
5/3/2019,168.98,157.39,168.98,160.05
3/18/2019,137.63,139.11,141.87,136.86
3/17/2019,139.26,141.64,141.17,137.61
3/16/2019,140.33,134.9,143.95,136.75
3/15/2019,137.01,132.71,137.68,132.45
3/14/2019,132.61,132.08,134.82,130.48
3/13/2019,132.06,133.19,133.84,131.2
3/12/2019,133.8,132.99,134.93,129.14
3/11/2019,133.42,136.1,136.23,131.66
3/10/2019,135.72,137.52,137.75,134.53
3/9/2019,137.52,133.85,138.57,133.38
3/8/2019,133.85,136.93,139.45,131.66
